"author","year","journal","species","other_var_name","other_var_num_value","other_var_num_units","other_var_factor_value","date","season","plot","d18O_permil_plant","d2H_permil_plant","xylem","plant_tissue","OBS1","OBS2","OBS3"
"Moore",2016,"Ecohydrology","Arundo donax","not applicable",9999,"not applicable","not applicable",201107,"dry","NA",-4.35443,-40.6452,"no","rizhome","NA","NA","NA"
"Moore",2016,"Ecohydrology","Arundo donax","not applicable",9999,"not applicable","not applicable",201107,"dry","NA",-3.8481,-40,"no","rizhome","NA","NA","NA"
"Moore",2016,"Ecohydrology","Arundo donax","not applicable",9999,"not applicable","not applicable",201107,"dry","NA",-3.44304,-39.3548,"no","rizhome","NA","NA","NA"
"Moore",2016,"Ecohydrology","Arundo donax","not applicable",9999,"not applicable","not applicable",201107,"dry","NA",-3.5443,-37.4194,"no","rizhome","NA","NA","NA"
"Moore",2016,"Ecohydrology","Arundo donax","not applicable",9999,"not applicable","not applicable",201107,"dry","NA",-3.44304,-35.4839,"no","rizhome","NA","NA","NA"
"Moore",2016,"Ecohydrology","Arundo donax","not applicable",9999,"not applicable","not applicable",201107,"dry","NA",-3.13924,-30.9677,"no","rizhome","NA","NA","NA"
"Moore",2016,"Ecohydrology","Arundo donax","not applicable",9999,"not applicable","not applicable",201107,"dry","NA",-2.73418,-27.0968,"no","rizhome","NA","NA","NA"
"Moore",2016,"Ecohydrology","Arundo donax","not applicable",9999,"not applicable","not applicable",201107,"dry","NA",-1.92405,-26.4516,"no","rizhome","NA","NA","NA"
"Moore",2016,"Ecohydrology","Arundo donax","not applicable",9999,"not applicable","not applicable",201107,"dry","NA",-1.41772,-25.8065,"no","rizhome","NA","NA","NA"
"Moore",2016,"Ecohydrology","Arundo donax","not applicable",9999,"not applicable","not applicable",201107,"dry","NA",-1.11392,-24.5161,"no","rizhome","NA","NA","NA"
"Moore",2016,"Ecohydrology","Arundo donax","not applicable",9999,"not applicable","not applicable",201107,"dry","NA",-1.11392,-28.3871,"no","rizhome","NA","NA","NA"
"Moore",2016,"Ecohydrology","Arundo donax","not applicable",9999,"not applicable","not applicable",201107,"dry","NA",-1.62025,-28.3871,"no","rizhome","NA","NA","NA"
"Moore",2016,"Ecohydrology","Arundo donax","not applicable",9999,"not applicable","not applicable",201107,"dry","NA",-1.82278,-30.3226,"no","rizhome","NA","NA","NA"
"Moore",2016,"Ecohydrology","Arundo donax","not applicable",9999,"not applicable","not applicable",201107,"dry","NA",-2.12658,-30.3226,"no","rizhome","NA","NA","NA"
"Moore",2016,"Ecohydrology","Arundo donax","not applicable",9999,"not applicable","not applicable",201107,"dry","NA",0.202532,-25.1613,"no","rizhome","NA","NA","NA"
"Moore",2016,"Ecohydrology","Arundo donax","not applicable",9999,"not applicable","not applicable",201107,"dry","NA",0.810127,-20,"no","rizhome","NA","NA","NA"
"Moore",2016,"Ecohydrology","Arundo donax","not applicable",9999,"not applicable","not applicable",201107,"dry","NA",1.012658,-21.9355,"no","rizhome","NA","NA","NA"
"Moore",2016,"Ecohydrology","Arundo donax","not applicable",9999,"not applicable","not applicable",201107,"dry","NA",1.417722,-21.2903,"no","rizhome","NA","NA","NA"
"Moore",2016,"Ecohydrology","Arundo donax","not applicable",9999,"not applicable","not applicable",201106,"wet","NA",-4.4,-40,"no","rizhome","NA","NA","NA"
"Moore",2016,"Ecohydrology","Arundo donax","not applicable",9999,"not applicable","not applicable",201106,"wet","NA",-4.2,-41.2903,"no","rizhome","NA","NA","NA"
"Moore",2016,"Ecohydrology","Arundo donax","not applicable",9999,"not applicable","not applicable",201106,"wet","NA",-4.2,-32.2581,"no","rizhome","NA","NA","NA"
"Moore",2016,"Ecohydrology","Arundo donax","not applicable",9999,"not applicable","not applicable",201106,"wet","NA",-3.9,-34.8387,"no","rizhome","NA","NA","NA"
"Moore",2016,"Ecohydrology","Arundo donax","not applicable",9999,"not applicable","not applicable",201106,"wet","NA",-3.6,-36.129,"no","rizhome","NA","NA","NA"
"Moore",2016,"Ecohydrology","Arundo donax","not applicable",9999,"not applicable","not applicable",201106,"wet","NA",-3.6,-38.0645,"no","rizhome","NA","NA","NA"
"Moore",2016,"Ecohydrology","Arundo donax","not applicable",9999,"not applicable","not applicable",201106,"wet","NA",-4.1,-30.3226,"no","rizhome","NA","NA","NA"
"Moore",2016,"Ecohydrology","Arundo donax","not applicable",9999,"not applicable","not applicable",201106,"wet","NA",-3.3,-29.6774,"no","rizhome","NA","NA","NA"
"Moore",2016,"Ecohydrology","Arundo donax","not applicable",9999,"not applicable","not applicable",201106,"wet","NA",-3,-28.3871,"no","rizhome","NA","NA","NA"
"Moore",2016,"Ecohydrology","Arundo donax","not applicable",9999,"not applicable","not applicable",201106,"wet","NA",-3.1,-32.2581,"no","rizhome","NA","NA","NA"
"Moore",2016,"Ecohydrology","Arundo donax","not applicable",9999,"not applicable","not applicable",201106,"wet","NA",-2.8,-34.1935,"no","rizhome","NA","NA","NA"
"Moore",2016,"Ecohydrology","Arundo donax","not applicable",9999,"not applicable","not applicable",201106,"wet","NA",-3.3,-34.1935,"no","rizhome","NA","NA","NA"
"Moore",2016,"Ecohydrology","Arundo donax","not applicable",9999,"not applicable","not applicable",201106,"wet","NA",-2.2,-30.9677,"no","rizhome","NA","NA","NA"
"Moore",2016,"Ecohydrology","Arundo donax","not applicable",9999,"not applicable","not applicable",201106,"wet","NA",-2,-30.3226,"no","rizhome","NA","NA","NA"
"Moore",2016,"Ecohydrology","Arundo donax","not applicable",9999,"not applicable","not applicable",201106,"wet","NA",-1.7,-28.3871,"no","rizhome","NA","NA","NA"
"Moore",2016,"Ecohydrology","Arundo donax","not applicable",9999,"not applicable","not applicable",201106,"wet","NA",-1.2,-23.871,"no","rizhome","NA","NA","NA"
"Moore",2016,"Ecohydrology","Arundo donax","not applicable",9999,"not applicable","not applicable",201106,"wet","NA",0.1,-24.5161,"no","rizhome","NA","NA","NA"
"Moore",2016,"Ecohydrology","Arundo donax","not applicable",9999,"not applicable","not applicable",201106,"wet","NA",2.6,-5.16129,"no","rizhome","NA","NA","NA"
"Moore",2016,"Ecohydrology","Arundo donax","not applicable",9999,"not applicable","not applicable",201105,"dry","NA",-4.9,-38.125,"no","rizhome","NA","NA","NA"
"Moore",2016,"Ecohydrology","Arundo donax","not applicable",9999,"not applicable","not applicable",201105,"dry","NA",-3.8,-31.25,"no","rizhome","NA","NA","NA"
"Moore",2016,"Ecohydrology","Arundo donax","not applicable",9999,"not applicable","not applicable",201105,"dry","NA",-3.5,-35,"no","rizhome","NA","NA","NA"
"Moore",2016,"Ecohydrology","Arundo donax","not applicable",9999,"not applicable","not applicable",201105,"dry","NA",-3.5,-33.125,"no","rizhome","NA","NA","NA"
"Moore",2016,"Ecohydrology","Arundo donax","not applicable",9999,"not applicable","not applicable",201105,"dry","NA",-3.1,-30.625,"no","rizhome","NA","NA","NA"
"Moore",2016,"Ecohydrology","Arundo donax","not applicable",9999,"not applicable","not applicable",201105,"dry","NA",-2.7,-30,"no","rizhome","NA","NA","NA"
"Moore",2016,"Ecohydrology","Arundo donax","not applicable",9999,"not applicable","not applicable",201105,"dry","NA",-3.2,-27.5,"no","rizhome","NA","NA","NA"
"Moore",2016,"Ecohydrology","Arundo donax","not applicable",9999,"not applicable","not applicable",201105,"dry","NA",-2.7,-26.875,"no","rizhome","NA","NA","NA"
"Moore",2016,"Ecohydrology","Arundo donax","not applicable",9999,"not applicable","not applicable",201105,"dry","NA",-2.4,-28.75,"no","rizhome","NA","NA","NA"
"Moore",2016,"Ecohydrology","Arundo donax","not applicable",9999,"not applicable","not applicable",201105,"dry","NA",-2,-26.875,"no","rizhome","NA","NA","NA"
"Moore",2016,"Ecohydrology","Arundo donax","not applicable",9999,"not applicable","not applicable",201105,"dry","NA",-2.2,-22.5,"no","rizhome","NA","NA","NA"
"Moore",2016,"Ecohydrology","Arundo donax","not applicable",9999,"not applicable","not applicable",201105,"dry","NA",-2,-23.75,"no","rizhome","NA","NA","NA"
"Moore",2016,"Ecohydrology","Arundo donax","not applicable",9999,"not applicable","not applicable",201105,"dry","NA",-0.5,-19.375,"no","rizhome","NA","NA","NA"
"Moore",2016,"Ecohydrology","Arundo donax","not applicable",9999,"not applicable","not applicable",201105,"dry","NA",-1,-16.25,"no","rizhome","NA","NA","NA"
"Moore",2016,"Ecohydrology","Arundo donax","not applicable",9999,"not applicable","not applicable",201105,"dry","NA",-0.3,-18.125,"no","rizhome","NA","NA","NA"
"Moore",2016,"Ecohydrology","Arundo donax","not applicable",9999,"not applicable","not applicable",201105,"dry","NA",-0.3,-15.625,"no","rizhome","NA","NA","NA"
"Moore",2016,"Ecohydrology","Arundo donax","not applicable",9999,"not applicable","not applicable",201105,"dry","NA",-0.1,-11.25,"no","rizhome","NA","NA","NA"
"Moore",2016,"Ecohydrology","Arundo donax","not applicable",9999,"not applicable","not applicable",201105,"dry","NA",0.7,-13.125,"no","rizhome","NA","NA","NA"
"Moore",2016,"Ecohydrology","Arundo donax","not applicable",9999,"not applicable","not applicable",201104,"dry","NA",-4.8,-39.3548,"no","rizhome","NA","NA","NA"
"Moore",2016,"Ecohydrology","Arundo donax","not applicable",9999,"not applicable","not applicable",201104,"dry","NA",-4.1,-38.7097,"no","rizhome","NA","NA","NA"
"Moore",2016,"Ecohydrology","Arundo donax","not applicable",9999,"not applicable","not applicable",201104,"dry","NA",-4.1,-37.4194,"no","rizhome","NA","NA","NA"
"Moore",2016,"Ecohydrology","Arundo donax","not applicable",9999,"not applicable","not applicable",201104,"dry","NA",-4.4,-35.4839,"no","rizhome","NA","NA","NA"
"Moore",2016,"Ecohydrology","Arundo donax","not applicable",9999,"not applicable","not applicable",201104,"dry","NA",-3.5,-34.1935,"no","rizhome","NA","NA","NA"
"Moore",2016,"Ecohydrology","Arundo donax","not applicable",9999,"not applicable","not applicable",201104,"dry","NA",-3.5,-32.9032,"no","rizhome","NA","NA","NA"
"Moore",2016,"Ecohydrology","Arundo donax","not applicable",9999,"not applicable","not applicable",201104,"dry","NA",-3.7,-30.9677,"no","rizhome","NA","NA","NA"
"Moore",2016,"Ecohydrology","Arundo donax","not applicable",9999,"not applicable","not applicable",201104,"dry","NA",-3.2,-30.3226,"no","rizhome","NA","NA","NA"
"Moore",2016,"Ecohydrology","Arundo donax","not applicable",9999,"not applicable","not applicable",201104,"dry","NA",-2.9,-28.3871,"no","rizhome","NA","NA","NA"
"Moore",2016,"Ecohydrology","Arundo donax","not applicable",9999,"not applicable","not applicable",201104,"dry","NA",-2.6,-29.6774,"no","rizhome","NA","NA","NA"
"Moore",2016,"Ecohydrology","Arundo donax","not applicable",9999,"not applicable","not applicable",201104,"dry","NA",-2.2,-27.7419,"no","rizhome","NA","NA","NA"
"Moore",2016,"Ecohydrology","Arundo donax","not applicable",9999,"not applicable","not applicable",201104,"dry","NA",-2.2,-25.1613,"no","rizhome","NA","NA","NA"
"Moore",2016,"Ecohydrology","Arundo donax","not applicable",9999,"not applicable","not applicable",201104,"dry","NA",-1.7,-27.7419,"no","rizhome","NA","NA","NA"
"Moore",2016,"Ecohydrology","Arundo donax","not applicable",9999,"not applicable","not applicable",201104,"dry","NA",-1.7,-24.5161,"no","rizhome","NA","NA","NA"
"Moore",2016,"Ecohydrology","Arundo donax","not applicable",9999,"not applicable","not applicable",201104,"dry","NA",-0.7,-18.7097,"no","rizhome","NA","NA","NA"
"Moore",2016,"Ecohydrology","Arundo donax","not applicable",9999,"not applicable","not applicable",201104,"dry","NA",0.5,-17.4194,"no","rizhome","NA","NA","NA"
"Moore",2016,"Ecohydrology","Arundo donax","not applicable",9999,"not applicable","not applicable",201104,"dry","NA",2.5,-12.2581,"no","rizhome","NA","NA","NA"
"Moore",2016,"Ecohydrology","Arundo donax","not applicable",9999,"not applicable","not applicable",201104,"dry","NA",-0.9,-9.03226,"no","rizhome","NA","NA","NA"
"Moore",2016,"Ecohydrology","Arundo donax","not applicable",9999,"not applicable","not applicable",201008,"wet","NA",6.7,-45.8065,"no","rizhome","NA","NA","NA"
"Moore",2016,"Ecohydrology","Arundo donax","not applicable",9999,"not applicable","not applicable",201008,"wet","NA",-6.1,-47.0968,"no","rizhome","NA","NA","NA"
"Moore",2016,"Ecohydrology","Arundo donax","not applicable",9999,"not applicable","not applicable",201008,"wet","NA",-4.8,-41.2903,"no","rizhome","NA","NA","NA"
"Moore",2016,"Ecohydrology","Arundo donax","not applicable",9999,"not applicable","not applicable",201008,"wet","NA",-5,-40,"no","rizhome","NA","NA","NA"
"Moore",2016,"Ecohydrology","Arundo donax","not applicable",9999,"not applicable","not applicable",201008,"wet","NA",-4.5,-37.4194,"no","rizhome","NA","NA","NA"
"Moore",2016,"Ecohydrology","Arundo donax","not applicable",9999,"not applicable","not applicable",201008,"wet","NA",-4.7,-35.4839,"no","rizhome","NA","NA","NA"
"Moore",2016,"Ecohydrology","Arundo donax","not applicable",9999,"not applicable","not applicable",201008,"wet","NA",-4.2,-34.1935,"no","rizhome","NA","NA","NA"
"Moore",2016,"Ecohydrology","Arundo donax","not applicable",9999,"not applicable","not applicable",201008,"wet","NA",-4.1,-32.2581,"no","rizhome","NA","NA","NA"
"Moore",2016,"Ecohydrology","Arundo donax","not applicable",9999,"not applicable","not applicable",201008,"wet","NA",-3.8,-34.8387,"no","rizhome","NA","NA","NA"
"Moore",2016,"Ecohydrology","Arundo donax","not applicable",9999,"not applicable","not applicable",201008,"wet","NA",-4,-36.129,"no","rizhome","NA","NA","NA"
"Moore",2016,"Ecohydrology","Arundo donax","not applicable",9999,"not applicable","not applicable",201008,"wet","NA",-2.4,-33.5484,"no","rizhome","NA","NA","NA"
"Moore",2016,"Ecohydrology","Arundo donax","not applicable",9999,"not applicable","not applicable",201008,"wet","NA",-1.8,-21.9355,"no","rizhome","NA","NA","NA"
"Moore",2016,"Ecohydrology","Arundo donax","not applicable",9999,"not applicable","not applicable",201008,"wet","NA",-2.4,-25.8065,"no","rizhome","NA","NA","NA"
"Moore",2016,"Ecohydrology","Arundo donax","not applicable",9999,"not applicable","not applicable",201008,"wet","NA",-3.4,-31.6129,"no","rizhome","NA","NA","NA"
"Moore",2016,"Ecohydrology","Arundo donax","not applicable",9999,"not applicable","not applicable",201008,"wet","NA",-3.2,-28.3871,"no","rizhome","NA","NA","NA"
"Moore",2016,"Ecohydrology","Arundo donax","not applicable",9999,"not applicable","not applicable",201006,"flood","NA",-7.5,-45.8065,"no","rizhome","NA","NA","NA"
"Moore",2016,"Ecohydrology","Arundo donax","not applicable",9999,"not applicable","not applicable",201006,"flood","NA",-7,-51.6129,"no","rizhome","NA","NA","NA"
"Moore",2016,"Ecohydrology","Arundo donax","not applicable",9999,"not applicable","not applicable",201006,"flood","NA",-4.5,-38.7097,"no","rizhome","NA","NA","NA"
"Moore",2016,"Ecohydrology","Arundo donax","not applicable",9999,"not applicable","not applicable",201006,"flood","NA",-4.5,-35.4839,"no","rizhome","NA","NA","NA"
"Moore",2016,"Ecohydrology","Arundo donax","not applicable",9999,"not applicable","not applicable",201006,"flood","NA",-3.5,-26.4516,"no","rizhome","NA","NA","NA"
"Moore",2016,"Ecohydrology","Arundo donax","not applicable",9999,"not applicable","not applicable",201006,"flood","NA",-3.9,-28.3871,"no","rizhome","NA","NA","NA"
"Moore",2016,"Ecohydrology","Arundo donax","not applicable",9999,"not applicable","not applicable",201006,"flood","NA",-3.9,-35.4839,"no","rizhome","NA","NA","NA"
"Moore",2016,"Ecohydrology","Arundo donax","not applicable",9999,"not applicable","not applicable",201006,"flood","NA",-3.6,-34.8387,"no","rizhome","NA","NA","NA"
"Moore",2016,"Ecohydrology","Arundo donax","not applicable",9999,"not applicable","not applicable",201006,"flood","NA",-3.7,-31.6129,"no","rizhome","NA","NA","NA"
"Zhu_Yajuan",2016,"PLOS ONE","Salix psammophila","not applicable",9999,"not applicable","not applicable",99999999,"NA","NA",-9.12217,-78.5441,"yes","xylem","NA","NA","NA"
"Zhu_Yajuan",2016,"PLOS ONE","Salix psammophila","not applicable",9999,"not applicable","not applicable",99999999,"NA","NA",-8.52489,-72.7203,"yes","xylem","NA","NA","NA"
"Zhu_Yajuan",2016,"PLOS ONE","Salix psammophila","not applicable",9999,"not applicable","not applicable",99999999,"NA","NA",-8.39819,-69.6552,"yes","xylem","NA","NA","NA"
"Zhu_Yajuan",2016,"PLOS ONE","Salix psammophila","not applicable",9999,"not applicable","not applicable",99999999,"NA","NA",-7.9276,-67.5096,"yes","xylem","NA","NA","NA"
"Zhu_Yajuan",2016,"PLOS ONE","Salix psammophila","not applicable",9999,"not applicable","not applicable",99999999,"NA","NA",-7.72851,-68.7356,"yes","xylem","NA","NA","NA"
"Zhu_Yajuan",2016,"PLOS ONE","Salix psammophila","not applicable",9999,"not applicable","not applicable",99999999,"NA","NA",-7.54751,-7.05747,"yes","xylem","NA","NA","NA"
"Zhu_Yajuan",2016,"PLOS ONE","Salix psammophila","not applicable",9999,"not applicable","not applicable",99999999,"NA","NA",-7.34842,-64.751,"yes","xylem","NA","NA","NA"
"Zhu_Yajuan",2016,"PLOS ONE","Salix psammophila","not applicable",9999,"not applicable","not applicable",99999999,"NA","NA",-7.13122,-60.7663,"yes","xylem","NA","NA","NA"
"Zhu_Yajuan",2016,"PLOS ONE","Salix psammophila","not applicable",9999,"not applicable","not applicable",99999999,"NA","NA",-6.80543,-58.9272,"yes","xylem","NA","NA","NA"
"Zhu_Yajuan",2016,"PLOS ONE","Salix psammophila","not applicable",9999,"not applicable","not applicable",99999999,"NA","NA",-5.35747,-50.3448,"yes","xylem","NA","NA","NA"
"Zhu_Yajuan",2016,"PLOS ONE","Salix psammophila","not applicable",9999,"not applicable","not applicable",99999999,"NA","NA",-5.21267,-50.9579,"yes","xylem","NA","NA","NA"
"Zhu_Yajuan",2016,"PLOS ONE","Salix cheilophila","not applicable",9999,"not applicable","not applicable",99999999,"NA","NA",-6.23552,-57.1655,"yes","xylem","NA","NA","NA"
"Zhu_Yajuan",2016,"PLOS ONE","Salix cheilophila","not applicable",9999,"not applicable","not applicable",99999999,"NA","NA",-6.52454,-57.7812,"yes","xylem","NA","NA","NA"
"Zhu_Yajuan",2016,"PLOS ONE","Salix cheilophila","not applicable",9999,"not applicable","not applicable",99999999,"NA","NA",-6.54309,-55.6524,"yes","xylem","NA","NA","NA"
"Zhu_Yajuan",2016,"PLOS ONE","Salix cheilophila","not applicable",9999,"not applicable","not applicable",99999999,"NA","NA",-6.81349,-58.701,"yes","xylem","NA","NA","NA"
"Zhu_Yajuan",2016,"PLOS ONE","Salix cheilophila","not applicable",9999,"not applicable","not applicable",99999999,"NA","NA",-7.08443,-59.3163,"yes","xylem","NA","NA","NA"
"Zhu_Yajuan",2016,"PLOS ONE","Salix cheilophila","not applicable",9999,"not applicable","not applicable",99999999,"NA","NA",-7.42643,-65.4086,"yes","xylem","NA","NA","NA"
"Zhu_Yajuan",2016,"PLOS ONE","Salix cheilophila","not applicable",9999,"not applicable","not applicable",99999999,"NA","NA",-8.74419,-72.134,"yes","xylem","NA","NA","NA"
"Zhu_Yajuan",2016,"PLOS ONE","Salix cheilophila","not applicable",9999,"not applicable","not applicable",99999999,"NA","NA",-9.71864,-78.5466,"yes","xylem","NA","NA","NA"
"Zhu_Yajuan",2016,"PLOS ONE","Salix cheilophila","not applicable",9999,"not applicable","not applicable",99999999,"NA","NA",-10.098,-79.4687,"yes","xylem","NA","NA","NA"
"Zhu_Yajuan",2016,"PLOS ONE","Salix cheilophila","not applicable",9999,"not applicable","not applicable",99999999,"NA","NA",-10.6034,-82.2192,"yes","xylem","NA","NA","NA"
"Zhu_Yajuan",2016,"PLOS ONE","Salix cheilophila","not applicable",9999,"not applicable","not applicable",99999999,"NA","NA",-11.4877,-87.4127,"yes","xylem","NA","NA","NA"
"Zhu_Lin",2016,"Journal of Arid Lands","Medicago sativa","sampling plot",9999,"factor","low elevation, shallow gw",201304,"dry","low elevation, shallow gw",-8.99054,-73.5593,"yes","xylem sap","it is not entirely clear what tissue was exactly sampled","NA","NA"
"Zhu_Lin",2016,"Journal of Arid Lands","Medicago sativa","sampling plot",9999,"factor","low elevation, shallow gw",201306,"dry","low elevation, shallow gw",-9.21136,-82.3729,"yes","xylem sap","it is not entirely clear what tissue was exactly sampled","NA","NA"
"Zhu_Lin",2016,"Journal of Arid Lands","Medicago sativa","sampling plot",9999,"factor","low elevation, shallow gw",201307,"wet","low elevation, shallow gw",-9.43218,-84.4068,"yes","xylem sap","it is not entirely clear what tissue was exactly sampled","NA","NA"
"Zhu_Lin",2016,"Journal of Arid Lands","Medicago sativa","sampling plot",9999,"factor","low elevation, shallow gw",201308,"dry","low elevation, shallow gw",-8.51735,-77.2881,"yes","xylem sap","it is not entirely clear what tissue was exactly sampled","NA","NA"
"Zhu_Lin",2016,"Journal of Arid Lands","Medicago sativa","sampling plot",9999,"factor","intermediate elevation and gw",201304,"dry","intermediate elevation and gw",-7.28707,-75.5932,"yes","xylem sap","it is not entirely clear what tissue was exactly sampled","NA","NA"
"Zhu_Lin",2016,"Journal of Arid Lands","Medicago sativa","sampling plot",9999,"factor","intermediate elevation and gw",201306,"dry","intermediate elevation and gw",-6.37224,-73.5593,"yes","xylem sap","it is not entirely clear what tissue was exactly sampled","NA","NA"
"Zhu_Lin",2016,"Journal of Arid Lands","Medicago sativa","sampling plot",9999,"factor","intermediate elevation and gw",201307,"wet","intermediate elevation and gw",-6.65615,-58.6441,"yes","xylem sap","it is not entirely clear what tissue was exactly sampled","NA","NA"
"Zhu_Lin",2016,"Journal of Arid Lands","Medicago sativa","sampling plot",9999,"factor","intermediate elevation and gw",201308,"dry","intermediate elevation and gw",-8.70662,-84.7458,"yes","xylem sap","it is not entirely clear what tissue was exactly sampled","NA","NA"
"Zhu_Lin",2016,"Journal of Arid Lands","Medicago sativa","sampling plot",9999,"factor","high elevation, deep gw",201304,"dry","high elevation, deep gw",-5.99369,-61.6949,"yes","xylem sap","it is not entirely clear what tissue was exactly sampled","NA","NA"
"Zhu_Lin",2016,"Journal of Arid Lands","Medicago sativa","sampling plot",9999,"factor","high elevation, deep gw",201306,"dry","high elevation, deep gw",-7.60252,-71.5254,"yes","xylem sap","it is not entirely clear what tissue was exactly sampled","NA","NA"
"Zhu_Lin",2016,"Journal of Arid Lands","Medicago sativa","sampling plot",9999,"factor","high elevation, deep gw",201307,"wet","high elevation, deep gw",-6.94006,-66.1017,"yes","xylem sap","it is not entirely clear what tissue was exactly sampled","NA","NA"
"Zhu_Lin",2016,"Journal of Arid Lands","Medicago sativa","sampling plot",9999,"factor","high elevation, deep gw",201308,"dry","high elevation, deep gw",-8.39117,-78.6441,"yes","xylem sap","it is not entirely clear what tissue was exactly sampled","NA","NA"
"Beyer",2016,"Journal of Hydrology","Several","not applicable",9999,"not applicable","not applicable",99999999,"NA","NA",-5.318,-69.1057,"yes","xylem","Se asume que es una media de todas las especies (species=several?)","Hay mediciones para el agua transpirada que no he recopilado","NA"
"Beyer",2016,"Journal of Hydrology","Several","not applicable",9999,"not applicable","not applicable",99999999,"NA","NA",-6.56292,-64.6341,"yes","xylem","Se asume que es una media de todas las especies (species=several?)","Hay mediciones para el agua transpirada que no he recopilado","NA"
"Beyer",2016,"Journal of Hydrology","Several","not applicable",9999,"not applicable","not applicable",99999999,"NA","NA",-6.7253,-63.0081,"yes","xylem","Se asume que es una media de todas las especies (species=several?)","Hay mediciones para el agua transpirada que no he recopilado","NA"
"Beyer",2016,"Journal of Hydrology","Several","not applicable",9999,"not applicable","not applicable",99999999,"NA","NA",-6.56292,-58.5366,"yes","xylem","Se asume que es una media de todas las especies (species=several?)","Hay mediciones para el agua transpirada que no he recopilado","NA"
"Beyer",2016,"Journal of Hydrology","Several","not applicable",9999,"not applicable","not applicable",99999999,"NA","NA",-6.34641,-53.6585,"yes","xylem","Se asume que es una media de todas las especies (species=several?)","Hay mediciones para el agua transpirada que no he recopilado","NA"
"Beyer",2016,"Journal of Hydrology","Several","not applicable",9999,"not applicable","not applicable",99999999,"NA","NA",-6.99594,-58.5366,"yes","xylem","Se asume que es una media de todas las especies (species=several?)","Hay mediciones para el agua transpirada que no he recopilado","NA"
"Beyer",2016,"Journal of Hydrology","Several","not applicable",9999,"not applicable","not applicable",99999999,"NA","NA",-6.88769,-56.0976,"yes","xylem","Se asume que es una media de todas las especies (species=several?)","Hay mediciones para el agua transpirada que no he recopilado","NA"
"Beyer",2016,"Journal of Hydrology","Several","not applicable",9999,"not applicable","not applicable",99999999,"NA","NA",-7.07713,-54.065,"yes","xylem","Se asume que es una media de todas las especies (species=several?)","Hay mediciones para el agua transpirada que no he recopilado","NA"
"Beyer",2016,"Journal of Hydrology","Several","not applicable",9999,"not applicable","not applicable",99999999,"NA","NA",-7.40189,-64.2276,"yes","xylem","Se asume que es una media de todas las especies (species=several?)","Hay mediciones para el agua transpirada que no he recopilado","NA"
"Beyer",2016,"Journal of Hydrology","Several","not applicable",9999,"not applicable","not applicable",99999999,"NA","NA",-7.97e-13,-66.2602,"yes","xylem","Se asume que es una media de todas las especies (species=several?)","Hay mediciones para el agua transpirada que no he recopilado","NA"
"Beyer",2016,"Journal of Hydrology","Several","not applicable",9999,"not applicable","not applicable",99999999,"NA","NA",-8.15968,-63.0081,"yes","xylem","Se asume que es una media de todas las especies (species=several?)","Hay mediciones para el agua transpirada que no he recopilado","NA"
"Beyer",2016,"Journal of Hydrology","Several","not applicable",9999,"not applicable","not applicable",99999999,"NA","NA",-8.53857,-64.2276,"yes","xylem","Se asume que es una media de todas las especies (species=several?)","Hay mediciones para el agua transpirada que no he recopilado","NA"
"Beyer",2016,"Journal of Hydrology","Several","not applicable",9999,"not applicable","not applicable",99999999,"NA","NA",-8.61976,-77.2358,"yes","xylem","Se asume que es una media de todas las especies (species=several?)","Hay mediciones para el agua transpirada que no he recopilado","NA"
"Beyer",2016,"Journal of Hydrology","Several","not applicable",9999,"not applicable","not applicable",99999999,"NA","NA",-9.26928,-74.3902,"yes","xylem","Se asume que es una media de todas las especies (species=several?)","Hay mediciones para el agua transpirada que no he recopilado","NA"
"Beyer",2016,"Journal of Hydrology","Several","not applicable",9999,"not applicable","not applicable",99999999,"NA","NA",-9.32341,-67.8862,"yes","xylem","Se asume que es una media de todas las especies (species=several?)","Hay mediciones para el agua transpirada que no he recopilado","NA"
"Beyer",2016,"Journal of Hydrology","Several","not applicable",9999,"not applicable","not applicable",99999999,"NA","NA",-9.48579,-74.3902,"yes","xylem","Se asume que es una media de todas las especies (species=several?)","Hay mediciones para el agua transpirada que no he recopilado","NA"
"Beyer",2016,"Journal of Hydrology","Several","not applicable",9999,"not applicable","not applicable",99999999,"NA","NA",-9.97294,-79.6748,"yes","xylem","Se asume que es una media de todas las especies (species=several?)","Hay mediciones para el agua transpirada que no he recopilado","NA"
"Beyer",2016,"Journal of Hydrology","Several","not applicable",9999,"not applicable","not applicable",99999999,"NA","NA",-9.45873,-84.9593,"yes","xylem","Se asume que es una media de todas las especies (species=several?)","Hay mediciones para el agua transpirada que no he recopilado","NA"
"Beyer",2016,"Journal of Hydrology","Several","not applicable",9999,"not applicable","not applicable",99999999,"NA","NA",-9.7023,-85.3659,"yes","xylem","Se asume que es una media de todas las especies (species=several?)","Hay mediciones para el agua transpirada que no he recopilado","NA"
"Beyer",2016,"Journal of Hydrology","Several","not applicable",9999,"not applicable","not applicable",99999999,"NA","NA",-10.5142,-80.0813,"yes","xylem","Se asume que es una media de todas las especies (species=several?)","Hay mediciones para el agua transpirada que no he recopilado","NA"
"Beyer",2016,"Journal of Hydrology","Several","not applicable",9999,"not applicable","not applicable",99999999,"NA","NA",-11.0555,-84.5528,"yes","xylem","Se asume que es una media de todas las especies (species=several?)","Hay mediciones para el agua transpirada que no he recopilado","NA"
"Beyer",2016,"Journal of Hydrology","Several","not applicable",9999,"not applicable","not applicable",99999999,"NA","NA",-11.272,-86.5854,"yes","xylem","Se asume que es una media de todas las especies (species=several?)","Hay mediciones para el agua transpirada que no he recopilado","NA"
"Beyer",2016,"Journal of Hydrology","Several","not applicable",9999,"not applicable","not applicable",99999999,"NA","NA",-11.3802,-90.2439,"yes","xylem","Se asume que es una media de todas las especies (species=several?)","Hay mediciones para el agua transpirada que no he recopilado","NA"
"Beyer",2016,"Journal of Hydrology","Several","not applicable",9999,"not applicable","not applicable",99999999,"NA","NA",-12.2733,-98.374,"yes","xylem","Se asume que es una media de todas las especies (species=several?)","Hay mediciones para el agua transpirada que no he recopilado","NA"
"Beyer",2016,"Journal of Hydrology","Several","not applicable",9999,"not applicable","not applicable",99999999,"NA","NA",-12.7605,-93.4959,"yes","xylem","Se asume que es una media de todas las especies (species=several?)","Hay mediciones para el agua transpirada que no he recopilado","NA"
"Beyer",2016,"Journal of Hydrology","Several","not applicable",9999,"not applicable","not applicable",99999999,"NA","NA",-12.8417,-94.7154,"yes","xylem","Se asume que es una media de todas las especies (species=several?)","Hay mediciones para el agua transpirada que no he recopilado","NA"
"Beyer",2016,"Journal of Hydrology","Several","not applicable",9999,"not applicable","not applicable",99999999,"NA","NA",-13.0853,-95.935,"yes","xylem","Se asume que es una media de todas las especies (species=several?)","Hay mediciones para el agua transpirada que no he recopilado","NA"
"Beyer",2016,"Journal of Hydrology","Several","not applicable",9999,"not applicable","not applicable",99999999,"NA","NA",-13.5183,-110.569,"yes","xylem","Se asume que es una media de todas las especies (species=several?)","Hay mediciones para el agua transpirada que no he recopilado","NA"
"Beyer",2016,"Journal of Hydrology","Several","not applicable",9999,"not applicable","not applicable",99999999,"NA","NA",-13.7889,-109.35,"yes","xylem","Se asume que es una media de todas las especies (species=several?)","Hay mediciones para el agua transpirada que no he recopilado","NA"
"Beyer",2016,"Journal of Hydrology","Several","not applicable",9999,"not applicable","not applicable",99999999,"NA","NA",-14.1137,-102.846,"yes","xylem","Se asume que es una media de todas las especies (species=several?)","Hay mediciones para el agua transpirada que no he recopilado","NA"
"Beyer",2016,"Journal of Hydrology","Several","not applicable",9999,"not applicable","not applicable",99999999,"NA","NA",-14.0054,-118.293,"yes","xylem","Se asume que es una media de todas las especies (species=several?)","Hay mediciones para el agua transpirada que no he recopilado","NA"
"Beyer",2016,"Journal of Hydrology","Several","not applicable",9999,"not applicable","not applicable",99999999,"NA","NA",-16.6576,-131.707,"yes","xylem","Se asume que es una media de todas las especies (species=several?)","Hay mediciones para el agua transpirada que no he recopilado","NA"
"Beyer",2016,"Journal of Hydrology","Baikiea plurijuga","not applicable",9999,"not applicable","not applicable",99999999,"NA","NA",-7.4,-72.1,"yes","xylem","Media para cada especie aportada por el paper (table 1)","Hay mediciones para el agua transpirada que no he recopilado","NA"
"Beyer",2016,"Journal of Hydrology","Acacia erioloba","not applicable",9999,"not applicable","not applicable",99999999,"NA","NA",-10.1,-82,"yes","xylem","Media para cada especie aportada por el paper (table 1)","Hay mediciones para el agua transpirada que no he recopilado","NA"
"Beyer",2016,"Journal of Hydrology","Combretum collinum","not applicable",9999,"not applicable","not applicable",99999999,"NA","NA",-9.8,-73.6,"yes","xylem","Media para cada especie aportada por el paper (table 1)","Hay mediciones para el agua transpirada que no he recopilado","NA"
"Beyer",2016,"Journal of Hydrology","Salacia luebertii","not applicable",9999,"not applicable","not applicable",99999999,"NA","NA",-8.7,-75.3,"yes","xylem","Media para cada especie aportada por el paper (table 1)","Hay mediciones para el agua transpirada que no he recopilado","NA"
"Beyer",2016,"Journal of Hydrology","Terminalia sericea","not applicable",9999,"not applicable","not applicable",99999999,"NA","NA",-7.5,-60.9,"yes","xylem","Media para cada especie aportada por el paper (table 1)","Hay mediciones para el agua transpirada que no he recopilado","NA"
"Beyer",2016,"Journal of Hydrology","Erythrophleum africanum","not applicable",9999,"not applicable","not applicable",99999999,"NA","NA",-10,-80.4,"yes","xylem","Media para cada especie aportada por el paper (table 1)","Hay mediciones para el agua transpirada que no he recopilado","NA"
"Evaristo",2016,"Hydrological Processes","Swietenia macrophylla","not applicable",9999,"not applicable","not applicable",201207,"wet","LUQ",-1.0232778,-5.7250011,"yes","xylem","NA","NA","NA"
"Evaristo",2016,"Hydrological Processes","Swietenia macrophylla","not applicable",9999,"not applicable","not applicable",201207,"wet","LUQ",0.22741278,-10.321066,"yes","xylem","NA","NA","NA"
"Evaristo",2016,"Hydrological Processes","Swietenia macrophylla","not applicable",9999,"not applicable","not applicable",201207,"wet","LUQ",-0.8626705,-11.070556,"yes","xylem","NA","NA","NA"
"Evaristo",2016,"Hydrological Processes","Swietenia macrophylla","not applicable",9999,"not applicable","not applicable",201207,"wet","LUQ",-1.7401619,-12.662445,"yes","xylem","NA","NA","NA"
"Evaristo",2016,"Hydrological Processes","Swietenia macrophylla","not applicable",9999,"not applicable","not applicable",201207,"wet","LUQ",-2.1157834,-12.275987,"yes","xylem","NA","NA","NA"
"Evaristo",2016,"Hydrological Processes","Swietenia macrophylla","not applicable",9999,"not applicable","not applicable",201207,"wet","LUQ",-2.090827,-12.505312,"yes","xylem","NA","NA","NA"
"Evaristo",2016,"Hydrological Processes","Swietenia macrophylla","not applicable",9999,"not applicable","not applicable",201207,"wet","LUQ",-2.053727,-13.650822,"yes","xylem","NA","NA","NA"
"Evaristo",2016,"Hydrological Processes","Swietenia macrophylla","not applicable",9999,"not applicable","not applicable",201207,"wet","LUQ",-2.3425269,-15.326537,"yes","xylem","NA","NA","NA"
"Evaristo",2016,"Hydrological Processes","Swietenia macrophylla","not applicable",9999,"not applicable","not applicable",201207,"wet","LUQ",-2.6178127,-14.636012,"yes","xylem","NA","NA","NA"
"Evaristo",2016,"Hydrological Processes","Swietenia macrophylla","not applicable",9999,"not applicable","not applicable",201207,"wet","LUQ",-2.6684586,-15.933078,"yes","xylem","NA","NA","NA"
"Evaristo",2016,"Hydrological Processes","Swietenia macrophylla","not applicable",9999,"not applicable","not applicable",201207,"wet","LUQ",-2.5559793,-16.545196,"yes","xylem","NA","NA","NA"
"Evaristo",2016,"Hydrological Processes","Swietenia macrophylla","not applicable",9999,"not applicable","not applicable",201207,"wet","LUQ",-2.4821618,-19.752242,"yes","xylem","NA","NA","NA"
"Evaristo",2016,"Hydrological Processes","Swietenia macrophylla","not applicable",9999,"not applicable","not applicable",201207,"wet","LUQ",-2.1076559,-22.810442,"yes","xylem","NA","NA","NA"
"Evaristo",2016,"Hydrological Processes","Swietenia macrophylla","not applicable",9999,"not applicable","not applicable",201207,"wet","LUQ",-1.6679062,-19.609929,"yes","xylem","NA","NA","NA"
"Evaristo",2016,"Hydrological Processes","Swietenia macrophylla","not applicable",9999,"not applicable","not applicable",201207,"wet","LUQ",-3.81e-14,-24.926161,"yes","xylem","NA","NA","NA"
"Evaristo",2016,"Hydrological Processes","Swietenia macrophylla","not applicable",9999,"not applicable","not applicable",201207,"wet","LUQ",-3.88e-16,-27.749777,"yes","xylem","NA","NA","NA"
"Evaristo",2016,"Hydrological Processes","Swietenia macrophylla","not applicable",9999,"not applicable","not applicable",201207,"wet","LUQ",-4.9709532,-40.407601,"yes","xylem","NA","NA","NA"
"Evaristo",2016,"Hydrological Processes","Swietenia macrophylla","not applicable",9999,"not applicable","not applicable",201302,"dry","LUQ",-0.5899582,-0.6958763,"yes","xylem","NA","NA","NA"
"Evaristo",2016,"Hydrological Processes","Swietenia macrophylla","not applicable",9999,"not applicable","not applicable",201302,"dry","LUQ",-1.0041841,-8.9690722,"yes","xylem","NA","NA","NA"
"Evaristo",2016,"Hydrological Processes","Swietenia macrophylla","not applicable",9999,"not applicable","not applicable",201302,"dry","LUQ",-1.8075314,-6.8814433,"yes","xylem","NA","NA","NA"
"Evaristo",2016,"Hydrological Processes","Swietenia macrophylla","not applicable",9999,"not applicable","not applicable",201302,"dry","LUQ",-2.0083682,-4.9484536,"yes","xylem","NA","NA","NA"
"Evaristo",2016,"Hydrological Processes","Swietenia macrophylla","not applicable",9999,"not applicable","not applicable",201302,"dry","LUQ",-2.3974895,-5.1804124,"yes","xylem","NA","NA","NA"
"Evaristo",2016,"Hydrological Processes","Swietenia macrophylla","not applicable",9999,"not applicable","not applicable",201302,"dry","LUQ",-2.7112971,-10.283505,"yes","xylem","NA","NA","NA"
"Evaristo",2016,"Hydrological Processes","Swietenia macrophylla","not applicable",9999,"not applicable","not applicable",201302,"dry","LUQ",-2.2970711,-12.757732,"yes","xylem","NA","NA","NA"
"Evaristo",2016,"Hydrological Processes","Swietenia macrophylla","not applicable",9999,"not applicable","not applicable",201302,"dry","LUQ",-2.748954,-14.768041,"yes","xylem","NA","NA","NA"
"Evaristo",2016,"Hydrological Processes","Swietenia macrophylla","not applicable",9999,"not applicable","not applicable",201302,"dry","LUQ",-3.0627615,-15.231959,"yes","xylem","NA","NA","NA"
"Evaristo",2016,"Hydrological Processes","Swietenia macrophylla","not applicable",9999,"not applicable","not applicable",201302,"dry","LUQ",-3.5146444,-18.170103,"yes","xylem","NA","NA","NA"
"Evaristo",2016,"Hydrological Processes","Swietenia macrophylla","not applicable",9999,"not applicable","not applicable",201302,"dry","LUQ",-3.9539749,-18.865979,"yes","xylem","NA","NA","NA"
"Evaristo",2016,"Hydrological Processes","Swietenia macrophylla","not applicable",9999,"not applicable","not applicable",201302,"dry","LUQ",-4.2803347,-20.798969,"yes","xylem","NA","NA","NA"
"Evaristo",2016,"Hydrological Processes","Swietenia macrophylla","not applicable",9999,"not applicable","not applicable",201302,"dry","LUQ",-2.4853556,-18.170103,"yes","xylem","NA","NA","NA"
"Evaristo",2016,"Hydrological Processes","Swietenia macrophylla","not applicable",9999,"not applicable","not applicable",201302,"dry","LUQ",-2.3974895,-18.402062,"yes","xylem","NA","NA","NA"
"Evaristo",2016,"Hydrological Processes","Swietenia macrophylla","not applicable",9999,"not applicable","not applicable",201302,"dry","LUQ",-4.6192469,-34.020619,"yes","xylem","NA","NA","NA"
"Evaristo",2016,"Hydrological Processes","Swietenia mahagoni","not applicable",9999,"not applicable","not applicable",201207,"wet","SUS",0.562978723404253,-1.5,"yes","xylem","NA","NA","NA"
"Evaristo",2016,"Hydrological Processes","Swietenia mahagoni","not applicable",9999,"not applicable","not applicable",201207,"wet","SUS",-0.724468085106384,-3.75,"yes","xylem","NA","NA","NA"
"Evaristo",2016,"Hydrological Processes","Swietenia mahagoni","not applicable",9999,"not applicable","not applicable",201207,"wet","SUS",-0.505106382978723,-6.49999999999998,"yes","xylem","NA","NA","NA"
"Evaristo",2016,"Hydrological Processes","Swietenia mahagoni","not applicable",9999,"not applicable","not applicable",201207,"wet","SUS",-0.938297872340426,-7.5,"yes","xylem","NA","NA","NA"
"Evaristo",2016,"Hydrological Processes","Swietenia mahagoni","not applicable",9999,"not applicable","not applicable",201207,"wet","SUS",-0.976737588652483,-7.33333333333332,"yes","xylem","NA","NA","NA"
"Evaristo",2016,"Hydrological Processes","Swietenia mahagoni","not applicable",9999,"not applicable","not applicable",201207,"wet","SUS",-0.860212765957447,-9.25,"yes","xylem","NA","NA","NA"
"Evaristo",2016,"Hydrological Processes","Swietenia mahagoni","not applicable",9999,"not applicable","not applicable",201207,"wet","SUS",-0.899078014184397,-8.58333333333331,"yes","xylem","NA","NA","NA"
"Evaristo",2016,"Hydrological Processes","Swietenia mahagoni","not applicable",9999,"not applicable","not applicable",201207,"wet","SUS",-1.00056737588652,-9.33333333333331,"yes","xylem","NA","NA","NA"
"Evaristo",2016,"Hydrological Processes","Swietenia mahagoni","not applicable",9999,"not applicable","not applicable",201207,"wet","SUS",-1.18063829787234,-7.75,"yes","xylem","NA","NA","NA"
"Evaristo",2016,"Hydrological Processes","Swietenia mahagoni","not applicable",9999,"not applicable","not applicable",201207,"wet","SUS",-1.39716312056737,-8.33333333333332,"yes","xylem","NA","NA","NA"
"Evaristo",2016,"Hydrological Processes","Swietenia mahagoni","not applicable",9999,"not applicable","not applicable",201207,"wet","SUS",-1.94404255319149,-10.75,"yes","xylem","NA","NA","NA"
"Evaristo",2016,"Hydrological Processes","Swietenia mahagoni","not applicable",9999,"not applicable","not applicable",201302,"dry","SUS",-1.506623,-14.380108,"yes","xylem","NA","NA","NA"
"Evaristo",2016,"Hydrological Processes","Swietenia mahagoni","not applicable",9999,"not applicable","not applicable",201302,"dry","SUS",-1.6849542,-15.301812,"yes","xylem","NA","NA","NA"
"Evaristo",2016,"Hydrological Processes","Swietenia mahagoni","not applicable",9999,"not applicable","not applicable",201302,"dry","SUS",-2.0810165,-14.555239,"yes","xylem","NA","NA","NA"
"Evaristo",2016,"Hydrological Processes","Swietenia mahagoni","not applicable",9999,"not applicable","not applicable",201302,"dry","SUS",-2.1565095,-17.146819,"yes","xylem","NA","NA","NA"
"Evaristo",2016,"Hydrological Processes","Swietenia mahagoni","not applicable",9999,"not applicable","not applicable",201302,"dry","SUS",-2.2712246,-17.566245,"yes","xylem","NA","NA","NA"
"Evaristo",2016,"Hydrological Processes","Swietenia mahagoni","not applicable",9999,"not applicable","not applicable",201302,"dry","SUS",-2.0155158,-18.481903,"yes","xylem","NA","NA","NA"
"Evaristo",2016,"Hydrological Processes","Swietenia mahagoni","not applicable",9999,"not applicable","not applicable",201302,"dry","SUS",-2.1166472,-20.823145,"yes","xylem","NA","NA","NA"
"Evaristo",2016,"Hydrological Processes","Swietenia mahagoni","not applicable",9999,"not applicable","not applicable",201302,"dry","SUS",-2.7927767,-21.918912,"yes","xylem","NA","NA","NA"
"Evaristo",2016,"Hydrological Processes","Swietenia mahagoni","not applicable",9999,"not applicable","not applicable",201302,"dry","SUS",-2.9975642,-20.668283,"yes","xylem","NA","NA","NA"
"Evaristo",2016,"Hydrological Processes","Swietenia mahagoni","not applicable",9999,"not applicable","not applicable",201302,"dry","SUS",-3.6220967,-23.016814,"yes","xylem","NA","NA","NA"
"Gaines",2016,"Tree Physiology","Acer saccharum","not applicable",9999,"not applicable","not applicable",99999999,"NA","NA",-3.4507443,-32.361149,"yes","xylem","NA","NA","NA"
"Gaines",2016,"Tree Physiology","Acer saccharum","not applicable",9999,"not applicable","not applicable",99999999,"NA","NA",-6.876704,-50.612891,"yes","xylem","NA","NA","NA"
"Gaines",2016,"Tree Physiology","Acer saccharum","not applicable",9999,"not applicable","not applicable",99999999,"NA","NA",-3.7367023,-31.967941,"yes","xylem","NA","NA","NA"
"Gaines",2016,"Tree Physiology","Acer saccharum","not applicable",9999,"not applicable","not applicable",99999999,"NA","NA",-3.9576728,-31.673099,"yes","xylem","NA","NA","NA"
"Gaines",2016,"Tree Physiology","Acer saccharum","not applicable",9999,"not applicable","not applicable",99999999,"NA","NA",-4.1143639,-33.654848,"yes","xylem","NA","NA","NA"
"Gaines",2016,"Tree Physiology","Acer saccharum","not applicable",9999,"not applicable","not applicable",99999999,"NA","NA",-4.0234328,-33.950978,"yes","xylem","NA","NA","NA"
"Gaines",2016,"Tree Physiology","Acer saccharum","not applicable",9999,"not applicable","not applicable",99999999,"NA","NA",-4.0237225,-34.84207,"yes","xylem","NA","NA","NA"
"Gaines",2016,"Tree Physiology","Acer saccharum","not applicable",9999,"not applicable","not applicable",99999999,"NA","NA",-4.2969985,-35.438835,"yes","xylem","NA","NA","NA"
"Gaines",2016,"Tree Physiology","Acer saccharum","not applicable",9999,"not applicable","not applicable",99999999,"NA","NA",-4.323972,-38.409399,"yes","xylem","NA","NA","NA"
"Gaines",2016,"Tree Physiology","Acer saccharum","not applicable",9999,"not applicable","not applicable",99999999,"NA","NA",-4.6620101,-38.214726,"yes","xylem","NA","NA","NA"
"Gaines",2016,"Tree Physiology","Acer saccharum","not applicable",9999,"not applicable","not applicable",99999999,"NA","NA",-4.8567152,-37.127545,"yes","xylem","NA","NA","NA"
"Gaines",2016,"Tree Physiology","Acer saccharum","not applicable",9999,"not applicable","not applicable",99999999,"NA","NA",-4.7402913,-39.00758,"yes","xylem","NA","NA","NA"
"Gaines",2016,"Tree Physiology","Carya spp","not applicable",9999,"not applicable","not applicable",99999999,"NA","NA",-5.2477991,-40.101714,"yes","xylem","2 especies para Carya: C.glabra y C.tomentosa","En CSV data_SWLN las especies se indican como several porque no hay diferenciación","NA"
"Gaines",2016,"Tree Physiology","Carya spp","not applicable",9999,"not applicable","not applicable",99999999,"NA","NA",-5.7552748,-41.096838,"yes","xylem","2 especies para Carya: C.glabra y C.tomentosa","En CSV data_SWLN las especies se indican como several porque no hay diferenciación","NA"
"Gaines",2016,"Tree Physiology","Carya spp","not applicable",9999,"not applicable","not applicable",99999999,"NA","NA",-6.00309,-43.376519,"yes","xylem","2 especies para Carya: C.glabra y C.tomentosa","En CSV data_SWLN las especies se indican como several porque no hay diferenciación","NA"
"Gaines",2016,"Tree Physiology","Carya spp","not applicable",9999,"not applicable","not applicable",99999999,"NA","NA",-6.460449,-50.21273,"yes","xylem","2 especies para Carya: C.glabra y C.tomentosa","En CSV data_SWLN las especies se indican como several porque no hay diferenciación","NA"
"Gaines",2016,"Tree Physiology","Pinus spp","not applicable",9999,"not applicable","not applicable",99999999,"NA","NA",-5.5597328,-39.609753,"yes","xylem","2 especies para Pinus: P. strobus y P. virginiana","En CSV data_SWLN las especies se indican como several porque no hay diferenciación","NA"
"Gaines",2016,"Tree Physiology","Pinus spp","not applicable",9999,"not applicable","not applicable",99999999,"NA","NA",-5.3771948,-38.122797,"yes","xylem","4 especies para Quercu: Q. alba, Q. prinus, Q. rubra y Q. velutina","En CSV data_SWLN las especies se indican como several porque no hay diferenciación","NA"
"Gaines",2016,"Tree Physiology","Pinus spp","not applicable",9999,"not applicable","not applicable",99999999,"NA","NA",-5.4955178,-42.084365,"yes","xylem","4 especies para Quercu: Q. alba, Q. prinus, Q. rubra y Q. velutina","En CSV data_SWLN las especies se indican como several porque no hay diferenciación","NA"
"Gaines",2016,"Tree Physiology","Quercus spp","not applicable",9999,"not applicable","not applicable",99999999,"NA","NA",-4.9095035,-39.504305,"yes","xylem","4 especies para Quercu: Q. alba, Q. prinus, Q. rubra y Q. velutina","En CSV data_SWLN las especies se indican como several porque no hay diferenciación","NA"
"Gaines",2016,"Tree Physiology","Quercus spp","not applicable",9999,"not applicable","not applicable",99999999,"NA","NA",-5.3911644,-41.093232,"yes","xylem","4 especies para Quercu: Q. alba, Q. prinus, Q. rubra y Q. velutina","En CSV data_SWLN las especies se indican como several porque no hay diferenciación","NA"
"Gaines",2016,"Tree Physiology","Quercus spp","not applicable",9999,"not applicable","not applicable",99999999,"NA","NA",-5.2093345,-41.784501,"yes","xylem","4 especies para Quercu: Q. alba, Q. prinus, Q. rubra y Q. velutina","En CSV data_SWLN las especies se indican como several porque no hay diferenciación","NA"
"Gaines",2016,"Tree Physiology","Quercus spp","not applicable",9999,"not applicable","not applicable",99999999,"NA","NA",-5.365414,-41.885057,"yes","xylem","4 especies para Quercu: Q. alba, Q. prinus, Q. rubra y Q. velutina","En CSV data_SWLN las especies se indican como several porque no hay diferenciación","NA"
"Gaines",2016,"Tree Physiology","Quercus spp","not applicable",9999,"not applicable","not applicable",99999999,"NA","NA",-5.4440171,-43.668013,"yes","xylem","4 especies para Quercu: Q. alba, Q. prinus, Q. rubra y Q. velutina","En CSV data_SWLN las especies se indican como several porque no hay diferenciación","NA"
"Gaines",2016,"Tree Physiology","Quercus spp","not applicable",9999,"not applicable","not applicable",99999999,"NA","NA",-5.6394625,-44.858067,"yes","xylem","4 especies para Quercu: Q. alba, Q. prinus, Q. rubra y Q. velutina","En CSV data_SWLN las especies se indican como several porque no hay diferenciación","NA"
"Gaines",2016,"Tree Physiology","Quercus spp","not applicable",9999,"not applicable","not applicable",99999999,"NA","NA",-5.5876076,-45.352603,"yes","xylem","4 especies para Quercu: Q. alba, Q. prinus, Q. rubra y Q. velutina","En CSV data_SWLN las especies se indican como several porque no hay diferenciación","NA"
"Gaines",2016,"Tree Physiology","Quercus spp","not applicable",9999,"not applicable","not applicable",99999999,"NA","NA",-5.9780156,-46.247558,"yes","xylem","4 especies para Quercu: Q. alba, Q. prinus, Q. rubra y Q. velutina","En CSV data_SWLN las especies se indican como several porque no hay diferenciación","NA"
"Gaines",2016,"Tree Physiology","Quercus spp","not applicable",9999,"not applicable","not applicable",99999999,"NA","NA",-5.6919289,-46.244725,"yes","xylem","4 especies para Quercu: Q. alba, Q. prinus, Q. rubra y Q. velutina","En CSV data_SWLN las especies se indican como several porque no hay diferenciación","NA"
"Gaines",2016,"Tree Physiology","Quercus spp","not applicable",9999,"not applicable","not applicable",99999999,"NA","NA",-6.1346745,-48.130297,"yes","xylem","4 especies para Quercu: Q. alba, Q. prinus, Q. rubra y Q. velutina","En CSV data_SWLN las especies se indican como several porque no hay diferenciación","NA"
"Gaines",2016,"Tree Physiology","Quercus spp","not applicable",9999,"not applicable","not applicable",99999999,"NA","NA",-6.1610365,-49.219667,"yes","xylem","4 especies para Quercu: Q. alba, Q. prinus, Q. rubra y Q. velutina","En CSV data_SWLN las especies se indican como several porque no hay diferenciación","NA"
"Gaines",2016,"Tree Physiology","Quercus spp","not applicable",9999,"not applicable","not applicable",99999999,"NA","NA",-6.6563451,-52.788927,"yes","xylem","4 especies para Quercu: Q. alba, Q. prinus, Q. rubra y Q. velutina","En CSV data_SWLN las especies se indican como several porque no hay diferenciación","NA"
"Gaines",2016,"Tree Physiology","Quercus spp","not applicable",9999,"not applicable","not applicable",99999999,"NA","NA",-6.6556047,-50.511692,"yes","xylem","4 especies para Quercu: Q. alba, Q. prinus, Q. rubra y Q. velutina","En CSV data_SWLN las especies se indican como several porque no hay diferenciación","NA"
"Gaines",2016,"Tree Physiology","Quercus spp","not applicable",9999,"not applicable","not applicable",99999999,"NA","NA",-6.9424318,-52.79176,"yes","xylem","4 especies para Quercu: Q. alba, Q. prinus, Q. rubra y Q. velutina","En CSV data_SWLN las especies se indican como several porque no hay diferenciación","NA"
"Gaines",2016,"Tree Physiology","Quercus spp","not applicable",9999,"not applicable","not applicable",99999999,"NA","NA",-6.9041603,-55.068609,"yes","xylem","4 especies para Quercu: Q. alba, Q. prinus, Q. rubra y Q. velutina","En CSV data_SWLN las especies se indican como several porque no hay diferenciación","NA"
"Gaines",2016,"Tree Physiology","Quercus spp","not applicable",9999,"not applicable","not applicable",99999999,"NA","NA",-7.5814919,-58.540661,"yes","xylem","4 especies para Quercu: Q. alba, Q. prinus, Q. rubra y Q. velutina","En CSV data_SWLN las especies se indican como several porque no hay diferenciación","NA"
"Gaines",2016,"Tree Physiology","Quercus spp","not applicable",9999,"not applicable","not applicable",99999999,"NA","NA",-5.0557013,-49.208723,"yes","xylem","4 especies para Quercu: Q. alba, Q. prinus, Q. rubra y Q. velutina","En CSV data_SWLN las especies se indican como several porque no hay diferenciación","NA"
"Gierke",2016,"Hydrogeology Journal","Pseudotsuga menziesii","not applicable",9999,"not applicable","not applicable",201103,"wet","VB",-7.9,-76,"yes","xylem","Twig samples peeled off. OK","NA","NA"
"Gierke",2016,"Hydrogeology Journal","Pseudotsuga menziesii","not applicable",9999,"not applicable","not applicable",201103,"wet","VB",-7.8,-68,"yes","xylem","Twig samples peeled off. OK","NA","NA"
"Gierke",2016,"Hydrogeology Journal","Pseudotsuga menziesii","not applicable",9999,"not applicable","not applicable",201103,"wet","VB",-8.9,-77,"yes","xylem","Twig samples peeled off. OK","NA","NA"
"Gierke",2016,"Hydrogeology Journal","Pseudotsuga menziesii","not applicable",9999,"not applicable","not applicable",201103,"wet","VB",-9,-76,"yes","xylem","Twig samples peeled off. OK","NA","NA"
"Gierke",2016,"Hydrogeology Journal","Pseudotsuga menziesii","not applicable",9999,"not applicable","not applicable",201103,"wet","VB",-9.3,-81,"yes","xylem","Twig samples peeled off. OK","NA","NA"
"Gierke",2016,"Hydrogeology Journal","Pseudotsuga menziesii","not applicable",9999,"not applicable","not applicable",201103,"wet","RT",-6.9,-85,"yes","xylem","Twig samples peeled off. OK","NA","NA"
"Gierke",2016,"Hydrogeology Journal","Pseudotsuga menziesii","not applicable",9999,"not applicable","not applicable",201103,"wet","RT",-9.1,-84,"yes","xylem","Twig samples peeled off. OK","NA","NA"
"Gierke",2016,"Hydrogeology Journal","Pseudotsuga menziesii","not applicable",9999,"not applicable","not applicable",201107,"dry","VB",-7.3,-74,"yes","xylem","Twig samples peeled off. OK","NA","NA"
"Gierke",2016,"Hydrogeology Journal","Pseudotsuga menziesii","not applicable",9999,"not applicable","not applicable",201107,"dry","RT",-6,-70,"yes","xylem","Twig samples peeled off. OK","NA","NA"
"Gierke",2016,"Hydrogeology Journal","Pseudotsuga menziesii","not applicable",9999,"not applicable","not applicable",201107,"dry","RT",-7.3,-75,"yes","xylem","Twig samples peeled off. OK","NA","NA"
"Gierke",2016,"Hydrogeology Journal","Pseudotsuga menziesii","not applicable",9999,"not applicable","not applicable",201108,"dry","VB",-7.9,-61,"yes","xylem","Twig samples peeled off. OK","NA","NA"
"Gierke",2016,"Hydrogeology Journal","Pseudotsuga menziesii","not applicable",9999,"not applicable","not applicable",201108,"dry","VB",-7.7,-61,"yes","xylem","Twig samples peeled off. OK","NA","NA"
"Gierke",2016,"Hydrogeology Journal","Pseudotsuga menziesii","not applicable",9999,"not applicable","not applicable",201109,"wet","VB",-6.8,-57,"yes","xylem","Twig samples peeled off. OK","NA","NA"
"Gierke",2016,"Hydrogeology Journal","Pseudotsuga menziesii","not applicable",9999,"not applicable","not applicable",201109,"wet","VB",-6.8,-56,"yes","xylem","Twig samples peeled off. OK","NA","NA"
"Gierke",2016,"Hydrogeology Journal","Pseudotsuga menziesii","not applicable",9999,"not applicable","not applicable",201109,"wet","RT",-6,-52,"yes","xylem","Twig samples peeled off. OK","NA","NA"
"Gierke",2016,"Hydrogeology Journal","Pseudotsuga menziesii","not applicable",9999,"not applicable","not applicable",201109,"wet","RT",-6.5,-53,"yes","xylem","Twig samples peeled off. OK","NA","NA"
"Gierke",2016,"Hydrogeology Journal","Pseudotsuga menziesii","not applicable",9999,"not applicable","not applicable",201109,"wet","RT",-6.5,-54,"yes","xylem","Twig samples peeled off. OK","NA","NA"
"Gierke",2016,"Hydrogeology Journal","Pseudotsuga menziesii","not applicable",9999,"not applicable","not applicable",201111,"dry","VB",-5.8,-52,"yes","xylem","Twig samples peeled off. OK","NA","NA"
"Gierke",2016,"Hydrogeology Journal","Pseudotsuga menziesii","not applicable",9999,"not applicable","not applicable",201111,"dry","VB",-5.4,-50,"yes","xylem","Twig samples peeled off. OK","NA","NA"
"Gierke",2016,"Hydrogeology Journal","Pseudotsuga menziesii","not applicable",9999,"not applicable","not applicable",201111,"dry","VB",-5.5,-49,"yes","xylem","Twig samples peeled off. OK","NA","NA"
"Gierke",2016,"Hydrogeology Journal","Pseudotsuga menziesii","not applicable",9999,"not applicable","not applicable",201111,"dry","VB",-8.5,-65,"yes","xylem","Twig samples peeled off. OK","NA","NA"
"Gierke",2016,"Hydrogeology Journal","Pseudotsuga menziesii","not applicable",9999,"not applicable","not applicable",201111,"dry","VB",-8.4,-68,"yes","xylem","Twig samples peeled off. OK","NA","NA"
"Gierke",2016,"Hydrogeology Journal","Pseudotsuga menziesii","not applicable",9999,"not applicable","not applicable",201111,"dry","VB",-8.1,-66,"yes","xylem","Twig samples peeled off. OK","NA","NA"
"Gierke",2016,"Hydrogeology Journal","Pseudotsuga menziesii","not applicable",9999,"not applicable","not applicable",201111,"dry","VB",-5.6,-51,"yes","xylem","Twig samples peeled off. OK","NA","NA"
"Gierke",2016,"Hydrogeology Journal","Pseudotsuga menziesii","not applicable",9999,"not applicable","not applicable",201111,"dry","RT",-5.8,-56,"yes","xylem","Twig samples peeled off. OK","NA","NA"
"Gierke",2016,"Hydrogeology Journal","Pseudotsuga menziesii","not applicable",9999,"not applicable","not applicable",201111,"dry","RT",-6.9,-63,"yes","xylem","Twig samples peeled off. OK","NA","NA"
"Gierke",2016,"Hydrogeology Journal","Pseudotsuga menziesii","not applicable",9999,"not applicable","not applicable",201111,"dry","RT",-6.3,-57,"yes","xylem","Twig samples peeled off. OK","NA","NA"
"Gierke",2016,"Hydrogeology Journal","Pseudotsuga menziesii","not applicable",9999,"not applicable","not applicable",201202,"dry","VB",-8.5,-77,"yes","xylem","Twig samples peeled off. OK","NA","NA"
"Gierke",2016,"Hydrogeology Journal","Pseudotsuga menziesii","not applicable",9999,"not applicable","not applicable",201202,"dry","VB",-7.9,-77,"yes","xylem","Twig samples peeled off. OK","NA","NA"
"Gierke",2016,"Hydrogeology Journal","Pseudotsuga menziesii","not applicable",9999,"not applicable","not applicable",201202,"dry","RT",-8.9,-73,"yes","xylem","Twig samples peeled off. OK","NA","NA"
"Gierke",2016,"Hydrogeology Journal","Pseudotsuga menziesii","not applicable",9999,"not applicable","not applicable",201202,"dry","RT",-8.9,-74,"yes","xylem","Twig samples peeled off. OK","NA","NA"
"Song_Lining",2016,"Environmental and experimental botany","Pinus sylvestris var. mongolica","age",10,"years","not applicable",201205,"dry","NA",-10.9769547325102,-79.0933493910723,"yes","xylem","NA","NA","NA"
"Song_Lining",2016,"Environmental and experimental botany","Pinus sylvestris var. mongolica","age",10,"years","not applicable",201205,"dry","NA",-12.0108044864036,-83.7066829426438,"yes","xylem","NA","NA","NA"
"Song_Lining",2016,"Environmental and experimental botany","Pinus sylvestris var. mongolica","age",22,"years","not applicable",201205,"dry","NA",-11.3047607520374,-78.8761879984482,"yes","xylem","NA","NA","NA"
"Song_Lining",2016,"Environmental and experimental botany","Pinus sylvestris var. mongolica","age",22,"years","not applicable",201205,"dry","NA",-13.0446542402969,-88.2056029505808,"yes","xylem","NA","NA","NA"
"Song_Lining",2016,"Environmental and experimental botany","Pinus sylvestris var. mongolica","age",32,"years","not applicable",201205,"dry","NA",-9.36314048253046,-69.4251806136687,"yes","xylem","NA","NA","NA"
"Song_Lining",2016,"Environmental and experimental botany","Pinus sylvestris var. mongolica","age",32,"years","not applicable",201205,"dry","NA",-9.43878802549826,-69.8855268715866,"yes","xylem","NA","NA","NA"
"Song_Lining",2016,"Environmental and experimental botany","Pinus sylvestris var. mongolica","age",42,"years","not applicable",201205,"dry","NA",-10.5735011700153,-77.4772020021634,"yes","xylem","NA","NA","NA"
"Song_Lining",2016,"Environmental and experimental botany","Pinus sylvestris var. mongolica","age",42,"years","not applicable",201205,"dry","NA",-9.64051480674574,-75.1557287677896,"yes","xylem","NA","NA","NA"
"Song_Lining",2016,"Environmental and experimental botany","Pinus sylvestris var. mongolica","age",10,"years","not applicable",201207,"wet","NA",-10.4353641693363,-83.0669998223424,"yes","xylem","NA","NA","NA"
"Song_Lining",2016,"Environmental and experimental botany","Pinus sylvestris var. mongolica","age",10,"years","not applicable",201207,"wet","NA",-10.9042081917326,-84.7344592619761,"yes","xylem","NA","NA","NA"
"Song_Lining",2016,"Environmental and experimental botany","Pinus sylvestris var. mongolica","age",10,"years","not applicable",201207,"wet","NA",-11.1214203435094,-89.1564131512438,"yes","xylem","NA","NA","NA"
"Song_Lining",2016,"Environmental and experimental botany","Pinus sylvestris var. mongolica","age",22,"years","not applicable",201207,"wet","NA",-11.0125219922862,-85.6477337199773,"yes","xylem","NA","NA","NA"
"Song_Lining",2016,"Environmental and experimental botany","Pinus sylvestris var. mongolica","age",22,"years","not applicable",201207,"wet","NA",-10.6885777652971,-87.3353658886029,"yes","xylem","NA","NA","NA"
"Song_Lining",2016,"Environmental and experimental botany","Pinus sylvestris var. mongolica","age",32,"years","not applicable",201207,"wet","NA",-10.8330305513688,-88.7057360467181,"yes","xylem","NA","NA","NA"
"Song_Lining",2016,"Environmental and experimental botany","Pinus sylvestris var. mongolica","age",32,"years","not applicable",201207,"wet","NA",-10.8689976102193,-88.3994773429306,"yes","xylem","NA","NA","NA"
"Song_Lining",2016,"Environmental and experimental botany","Pinus sylvestris var. mongolica","age",32,"years","not applicable",201207,"wet","NA",-10.5984881915033,-87.3376582441702,"yes","xylem","NA","NA","NA"
"Song_Lining",2016,"Environmental and experimental botany","Pinus sylvestris var. mongolica","age",42,"years","not applicable",201207,"wet","NA",-10.7064237533883,-86.5715530135879,"yes","xylem","NA","NA","NA"
"Song_Lining",2016,"Environmental and experimental botany","Pinus sylvestris var. mongolica","age",42,"years","not applicable",201207,"wet","NA",-10.9048958984027,-87.7878768775824,"yes","xylem","NA","NA","NA"
"Song_Lining",2016,"Environmental and experimental botany","Pinus sylvestris var. mongolica","age",10,"years","not applicable",201209,"wet","NA",-11.2240601503759,-89.6952380952381,"yes","xylem","NA","NA","NA"
"Song_Lining",2016,"Environmental and experimental botany","Pinus sylvestris var. mongolica","age",10,"years","not applicable",201209,"wet","NA",-11.2421052631578,-87.7142857142857,"yes","xylem","NA","NA","NA"
"Song_Lining",2016,"Environmental and experimental botany","Pinus sylvestris var. mongolica","age",10,"years","not applicable",201209,"wet","NA",-11.2781954887218,-77.2,"yes","xylem","NA","NA","NA"
"Song_Lining",2016,"Environmental and experimental botany","Pinus sylvestris var. mongolica","age",22,"years","not applicable",201209,"wet","NA",-10.9533834586466,-80.0952380952381,"yes","xylem","NA","NA","NA"
"Song_Lining",2016,"Environmental and experimental botany","Pinus sylvestris var. mongolica","age",22,"years","not applicable",201209,"wet","NA",-11.5308270676691,-82.6857142857142,"yes","xylem","NA","NA","NA"
"Song_Lining",2016,"Environmental and experimental botany","Pinus sylvestris var. mongolica","age",22,"years","not applicable",201209,"wet","NA",-12.1263157894736,-85.4285714285714,"yes","xylem","NA","NA","NA"
"Song_Lining",2016,"Environmental and experimental botany","Pinus sylvestris var. mongolica","age",32,"years","not applicable",201209,"wet","NA",-10.0691729323308,-79.1809523809523,"yes","xylem","NA","NA","NA"
"Song_Lining",2016,"Environmental and experimental botany","Pinus sylvestris var. mongolica","age",32,"years","not applicable",201209,"wet","NA",-10.2135338345864,-80.8571428571428,"yes","xylem","NA","NA","NA"
"Song_Lining",2016,"Environmental and experimental botany","Pinus sylvestris var. mongolica","age",32,"years","not applicable",201209,"wet","NA",-10.393984962406,-82.0761904761905,"yes","xylem","NA","NA","NA"
"Song_Lining",2016,"Environmental and experimental botany","Pinus sylvestris var. mongolica","age",42,"years","not applicable",201209,"wet","NA",-10.1954887218045,-79.6380952380952,"yes","xylem","NA","NA","NA"
"Song_Lining",2016,"Environmental and experimental botany","Pinus sylvestris var. mongolica","age",42,"years","not applicable",201209,"wet","NA",-10.4120300751879,-80.4,"yes","xylem","NA","NA","NA"
"Song_Lining",2016,"Environmental and experimental botany","Pinus sylvestris var. mongolica","age",42,"years","not applicable",201209,"wet","NA",-10.6466165413533,-81.0095238095238,"yes","xylem","NA","NA","NA"
"Song_Lining",2016,"Environmental and experimental botany","Pinus sylvestris var. mongolica","age",10,"years","not applicable",201305,"dry","NA",-11.5534506089309,-92.5614354037331,"yes","xylem","NA","NA","NA"
"Song_Lining",2016,"Environmental and experimental botany","Pinus sylvestris var. mongolica","age",10,"years","not applicable",201305,"dry","NA",-11.2719891745602,-90.5793882800153,"yes","xylem","NA","NA","NA"
"Song_Lining",2016,"Environmental and experimental botany","Pinus sylvestris var. mongolica","age",10,"years","not applicable",201305,"dry","NA",-11.3369418132611,-89.3573944571269,"yes","xylem","NA","NA","NA"
"Song_Lining",2016,"Environmental and experimental botany","Pinus sylvestris var. mongolica","age",22,"years","not applicable",201305,"dry","NA",-12.2679296346414,-95.1500377031061,"yes","xylem","NA","NA","NA"
"Song_Lining",2016,"Environmental and experimental botany","Pinus sylvestris var. mongolica","age",22,"years","not applicable",201305,"dry","NA",-11.9864682002706,-90.1145554648844,"yes","xylem","NA","NA","NA"
"Song_Lining",2016,"Environmental and experimental botany","Pinus sylvestris var. mongolica","age",22,"years","not applicable",201305,"dry","NA",-11.3369418132611,-84.7772417853712,"yes","xylem","NA","NA","NA"
"Song_Lining",2016,"Environmental and experimental botany","Pinus sylvestris var. mongolica","age",32,"years","not applicable",201305,"dry","NA",-10.297699594046,-79.9016620355545,"yes","xylem","NA","NA","NA"
"Song_Lining",2016,"Environmental and experimental botany","Pinus sylvestris var. mongolica","age",32,"years","not applicable",201305,"dry","NA",-10.7956698240866,-78.3701928539702,"yes","xylem","NA","NA","NA"
"Song_Lining",2016,"Environmental and experimental botany","Pinus sylvestris var. mongolica","age",32,"years","not applicable",201305,"dry","NA",-9.71312584573748,-71.5102934644506,"yes","xylem","NA","NA","NA"
"Song_Lining",2016,"Environmental and experimental botany","Pinus sylvestris var. mongolica","age",42,"years","not applicable",201305,"dry","NA",-10.5142083897158,-77.9148632875042,"yes","xylem","NA","NA","NA"
"Song_Lining",2016,"Environmental and experimental botany","Pinus sylvestris var. mongolica","age",42,"years","not applicable",201305,"dry","NA",-10.5142083897158,-78.6782220661302,"yes","xylem","NA","NA","NA"
"Song_Lining",2016,"Environmental and experimental botany","Pinus sylvestris var. mongolica","age",42,"years","not applicable",201305,"dry","NA",-11.0771312584573,-83.7110186036422,"yes","xylem","NA","NA","NA"
"Song_Lining",2016,"Environmental and experimental botany","Pinus sylvestris var. mongolica","age",10,"years","not applicable",201307,"wet","NA",-9.02248875562218,-74.3940886699507,"yes","xylem","NA","NA","NA"
"Song_Lining",2016,"Environmental and experimental botany","Pinus sylvestris var. mongolica","age",10,"years","not applicable",201307,"wet","NA",-9.22038980509745,-70.5870778896266,"yes","xylem","NA","NA","NA"
"Song_Lining",2016,"Environmental and experimental botany","Pinus sylvestris var. mongolica","age",10,"years","not applicable",201307,"wet","NA",-8.3928035982009,-67.3765688584279,"yes","xylem","NA","NA","NA"
"Song_Lining",2016,"Environmental and experimental botany","Pinus sylvestris var. mongolica","age",10,"years","not applicable",201307,"wet","NA",-8.48275862068965,-60.9777111444277,"yes","xylem","NA","NA","NA"
"Song_Lining",2016,"Environmental and experimental botany","Pinus sylvestris var. mongolica","age",10,"years","not applicable",201307,"wet","NA",-8.68065967016491,-61.8945098879132,"yes","xylem","NA","NA","NA"
"Song_Lining",2016,"Environmental and experimental botany","Pinus sylvestris var. mongolica","age",10,"years","not applicable",201307,"wet","NA",-8.91454272863568,-65.5546226886557,"yes","xylem","NA","NA","NA"
"Song_Lining",2016,"Environmental and experimental botany","Pinus sylvestris var. mongolica","age",10,"years","not applicable",201307,"wet","NA",-8.57271364317841,-68.5979010494752,"yes","xylem","NA","NA","NA"
"Song_Lining",2016,"Environmental and experimental botany","Pinus sylvestris var. mongolica","age",10,"years","not applicable",201307,"wet","NA",-8.51874062968515,-65.3972156778753,"yes","xylem","NA","NA","NA"
"Song_Lining",2016,"Environmental and experimental botany","Pinus sylvestris var. mongolica","age",10,"years","not applicable",201307,"wet","NA",-8.91454272863568,-71.4974798315128,"yes","xylem","NA","NA","NA"
"Song_Lining",2016,"Environmental and experimental botany","Pinus sylvestris var. mongolica","age",10,"years","not applicable",201307,"wet","NA",-9.00449775112443,-66.1652887841793,"yes","xylem","NA","NA","NA"
"Song_Lining",2016,"Environmental and experimental botany","Pinus sylvestris var. mongolica","age",22,"years","not applicable",201307,"wet","NA",-8.71664167916042,-65.552109659456,"yes","xylem","NA","NA","NA"
"Song_Lining",2016,"Environmental and experimental botany","Pinus sylvestris var. mongolica","age",22,"years","not applicable",201307,"wet","NA",-8.03298350824587,-60.2862854287142,"yes","xylem","NA","NA","NA"
"Song_Lining",2016,"Environmental and experimental botany","Pinus sylvestris var. mongolica","age",10,"years","not applicable",201309,"wet","NA",-8.91454272863568,-70.778116688782,"yes","xylem","NA","NA","NA"
"Song_Lining",2016,"Environmental and experimental botany","Pinus sylvestris var. mongolica","age",22,"years","not applicable",201309,"wet","NA",-8.5007496251874,-70.3130618598746,"yes","xylem","NA","NA","NA"
"Song_Lining",2016,"Environmental and experimental botany","Pinus sylvestris var. mongolica","age",22,"years","not applicable",201309,"wet","NA",-9.09445277361319,-72.9260082602376,"yes","xylem","NA","NA","NA"
"Song_Lining",2016,"Environmental and experimental botany","Pinus sylvestris var. mongolica","age",22,"years","not applicable",201309,"wet","NA",-9.54422788605697,-75.3838597942407,"yes","xylem","NA","NA","NA"
"Song_Lining",2016,"Environmental and experimental botany","Pinus sylvestris var. mongolica","age",32,"years","not applicable",201309,"wet","NA",-10.1559220389805,-77.2307524398719,"yes","xylem","NA","NA","NA"
"Song_Lining",2016,"Environmental and experimental botany","Pinus sylvestris var. mongolica","age",32,"years","not applicable",201309,"wet","NA",-10.5337331334332,-81.2202519429939,"yes","xylem","NA","NA","NA"
"Song_Lining",2016,"Environmental and experimental botany","Pinus sylvestris var. mongolica","age",32,"years","not applicable",201309,"wet","NA",-9.79610194902548,-74.1610229368074,"yes","xylem","NA","NA","NA"
"Song_Lining",2016,"Environmental and experimental botany","Pinus sylvestris var. mongolica","age",42,"years","not applicable",201309,"wet","NA",-10.3178410794602,-76.8496786089713,"yes","xylem","NA","NA","NA"
"Song_Lining",2016,"Environmental and experimental botany","Pinus sylvestris var. mongolica","age",42,"years","not applicable",201309,"wet","NA",-9.70614692653673,-74.1598740859454,"yes","xylem","NA","NA","NA"
"Song_Lining",2016,"Environmental and experimental botany","Pinus sylvestris var. mongolica","age",42,"years","not applicable",201309,"wet","NA",-11.559220389805,-95.0264522910957,"yes","xylem","NA","NA","NA"
"Ma_Ying",2016,"Science of the Total Environment","Summer maize Lianke-144","nitrogen_fertilization",0,"kgN_ha-1","not applicable",2013,"NA","NA",-6.52907153729071,-52.2195839675288,"no","stem","NA","NA","NA"
"Ma_Ying",2016,"Science of the Total Environment","Summer maize Lianke-144","nitrogen_fertilization",0,"kgN_ha-1","not applicable",2013,"NA","NA",-6.89855403348553,-50.8218163368845,"no","stem","NA","NA","NA"
"Ma_Ying",2016,"Science of the Total Environment","Summer maize Lianke-144","nitrogen_fertilization",0,"kgN_ha-1","not applicable",2013,"NA","NA",-7.5869101978691,-53.5387113140535,"no","stem","NA","NA","NA"
"Ma_Ying",2016,"Science of the Total Environment","Summer maize Lianke-144","nitrogen_fertilization",0,"kgN_ha-1","not applicable",2013,"NA","NA",-8.04505327245053,-56.2682902080159,"no","stem","NA","NA","NA"
"Ma_Ying",2016,"Science of the Total Environment","Summer maize Lianke-144","nitrogen_fertilization",0,"kgN_ha-1","not applicable",2013,"NA","NA",-7.49710806697107,-50.7888381532214,"no","stem","NA","NA","NA"
"Ma_Ying",2016,"Science of the Total Environment","Summer maize Lianke-144","nitrogen_fertilization",0,"kgN_ha-1","not applicable",2013,"NA","NA",-7.08500761035007,-48.0567224759002,"no","stem","NA","NA","NA"
"Ma_Ying",2016,"Science of the Total Environment","Summer maize Lianke-145","nitrogen_fertilization",122.5,"kgN_ha-1","not applicable",2013,"NA","NA",-6.21115405792313,-44.4822200198213,"no","stem","NA","NA","NA"
"Ma_Ying",2016,"Science of the Total Environment","Summer maize Lianke-146","nitrogen_fertilization",122.5,"kgN_ha-1","not applicable",2013,"NA","NA",-6.4632903865213,-48.772936901222,"no","stem","NA","NA","NA"
"Ma_Ying",2016,"Science of the Total Environment","Summer maize Lianke-147","nitrogen_fertilization",122.5,"kgN_ha-1","not applicable",2013,"NA","NA",-6.87729765444334,-50.1842352163856,"no","stem","NA","NA","NA"
"Ma_Ying",2016,"Science of the Total Environment","Summer maize Lianke-148","nitrogen_fertilization",122.5,"kgN_ha-1","not applicable",2013,"NA","NA",-7.10738244686708,-50.6493822266268,"no","stem","NA","NA","NA"
"Ma_Ying",2016,"Science of the Total Environment","Summer maize Lianke-149","nitrogen_fertilization",122.5,"kgN_ha-1","not applicable",2013,"NA","NA",-7.88838674154828,-57.3015130492234,"no","stem","NA","NA","NA"
"Ma_Ying",2016,"Science of the Total Environment","Summer maize Lianke-150","nitrogen_fertilization",122.5,"kgN_ha-1","not applicable",2013,"NA","NA",-7.98107477150093,-54.9044202180375,"no","stem","NA","NA","NA"
"Ma_Ying",2016,"Science of the Total Environment","Summer maize Lianke-151","nitrogen_fertilization",183.75,"kgN_ha-1","not applicable",2013,"NA","NA",-6.59902137860825,-50.2570293258016,"no","stem","NA","NA","NA"
"Ma_Ying",2016,"Science of the Total Environment","Summer maize Lianke-152","nitrogen_fertilization",183.75,"kgN_ha-1","not applicable",2013,"NA","NA",-6.94348735126377,-53.5659518570814,"no","stem","NA","NA","NA"
"Ma_Ying",2016,"Science of the Total Environment","Summer maize Lianke-153","nitrogen_fertilization",183.75,"kgN_ha-1","not applicable",2013,"NA","NA",-6.99097347651418,-47.8571081409472,"no","stem","NA","NA","NA"
"Ma_Ying",2016,"Science of the Total Environment","Summer maize Lianke-154","nitrogen_fertilization",183.75,"kgN_ha-1","not applicable",2013,"NA","NA",-7.2196140247173,-54.0257068733369,"no","stem","NA","NA","NA"
"Ma_Ying",2016,"Science of the Total Environment","Summer maize Lianke-155","nitrogen_fertilization",183.75,"kgN_ha-1","not applicable",2013,"NA","NA",-7.54190229111249,-54.0073166726867,"no","stem","NA","NA","NA"
"Ma_Ying",2016,"Science of the Total Environment","Summer maize Lianke-156","nitrogen_fertilization",183.75,"kgN_ha-1","not applicable",2013,"NA","NA",-7.26553479360283,-54.4985977471999,"no","stem","NA","NA","NA"
"Ma_Ying",2016,"Science of the Total Environment","Summer maize Lianke-157","nitrogen_fertilization",245,"kgN_ha-1","not applicable",2013,"NA","NA",-6.18471202100435,-46.5531190800612,"no","stem","NA","NA","NA"
"Ma_Ying",2016,"Science of the Total Environment","Summer maize Lianke-158","nitrogen_fertilization",245,"kgN_ha-1","not applicable",2013,"NA","NA",-6.68994649207351,-51.3362624214815,"no","stem","NA","NA","NA"
"Ma_Ying",2016,"Science of the Total Environment","Summer maize Lianke-159","nitrogen_fertilization",245,"kgN_ha-1","not applicable",2013,"NA","NA",-7.19493724173839,-57.0818837448887,"no","stem","NA","NA","NA"
"Ma_Ying",2016,"Science of the Total Environment","Summer maize Lianke-160","nitrogen_fertilization",245,"kgN_ha-1","not applicable",2013,"NA","NA",-7.47130623594447,-56.5846920801608,"no","stem","NA","NA","NA"
"Ma_Ying",2016,"Science of the Total Environment","Summer maize Lianke-161","nitrogen_fertilization",245,"kgN_ha-1","not applicable",2013,"NA","NA",-7.65656773793301,-52.2429060453974,"no","stem","NA","NA","NA"
"Ma_Ying",2016,"Science of the Total Environment","Summer maize Lianke-162","nitrogen_fertilization",245,"kgN_ha-1","not applicable",2013,"NA","NA",-7.51783486767035,-54.6570773372315,"no","stem","NA","NA","NA"
"Ma_Ying",2016,"Science of the Total Environment","Summer maize Lianke-163","nitrogen_fertilization",367.5,"kgN_ha-1","not applicable",2013,"NA","NA",-5.60580823837202,-51.4996814554507,"no","stem","NA","NA","NA"
"Ma_Ying",2016,"Science of the Total Environment","Summer maize Lianke-164","nitrogen_fertilization",367.5,"kgN_ha-1","not applicable",2013,"NA","NA",-6.66487581141286,-50.9637384650728,"no","stem","NA","NA","NA"
"Ma_Ying",2016,"Science of the Total Environment","Summer maize Lianke-165","nitrogen_fertilization",367.5,"kgN_ha-1","not applicable",2013,"NA","NA",-6.8273444769192,-45.7238448655195,"no","stem","NA","NA","NA"
"Ma_Ying",2016,"Science of the Total Environment","Summer maize Lianke-166","nitrogen_fertilization",367.5,"kgN_ha-1","not applicable",2013,"NA","NA",-7.49265377163311,-54.7205937407615,"no","stem","NA","NA","NA"
"Ma_Ying",2016,"Science of the Total Environment","Summer maize Lianke-167","nitrogen_fertilization",367.5,"kgN_ha-1","not applicable",2013,"NA","NA",-7.7689008571147,-54.7048307116328,"no","stem","NA","NA","NA"
"Ma_Ying",2016,"Science of the Total Environment","Summer maize Lianke-168","nitrogen_fertilization",367.5,"kgN_ha-1","not applicable",2013,"NA","NA",-7.40069182183398,-54.2503300384201,"no","stem","NA","NA","NA"
